[    
    {
        "pk": 4, 
        "model": "scenario.category", 
        "fields": {
            "name": "Development", 
            "short_name": "development"
        }
    }, 
    {
        "pk": 3, 
        "model": "scenario.category", 
        "fields": {
            "name": "Fisheries", 
            "short_name": "fisheries"
        }
    }, 
    {
        "pk": 2, 
        "model": "scenario.category", 
        "fields": {
            "name": "Conservation", 
            "short_name": "conservation"
        }
    }, 
    {
        "pk": 1, 
        "model": "scenario.category", 
        "fields": {
            "name": "Renewable Energy", 
            "short_name": "energy"
        }
    }, 
    {
        "pk": 4, 
        "model": "scenario.objective", 
        "fields": {
            "color": "772DBBC8", 
            "name": "Shoreside Development", 
            "short_name": "shoreside_development"
        }
    }, 
    {
        "pk": 5, 
        "model": "scenario.objective", 
        "fields": {
            "color": "77722399", 
            "name": "Shellfish Aquaculture", 
            "short_name": "shellfish_aquaculture"
        }
    }, 
    {
        "pk": 6, 
        "model": "scenario.objective", 
        "fields": {
            "color": "77470B64", 
            "name": "Offshore Fishing", 
            "short_name": "offshore_fishing"
        }
    }, 
    {
        "pk": 3, 
        "model": "scenario.objective", 
        "fields": {
            "color": "77C5B24B", 
            "name": "Benthic", 
            "short_name": "offshore_conservation"
        }
    }, 
    {
        "pk": 8, 
        "model": "scenario.objective", 
        "fields": {
            "color": "778B1A55", 
            "name": "Nearshore", 
            "short_name": "nearshore_conservation"
        }
    }, 
    {
        "pk": 7, 
        "model": "scenario.objective", 
        "fields": {
            "color": "778B1A55", 
            "name": "Wave", 
            "short_name": "wave_energy"
        }
    }, 
    {
        "pk": 2, 
        "model": "scenario.objective", 
        "fields": {
            "color": "777FB4C5", 
            "name": "Wind", 
            "short_name": "wind_energy"
        }
    }, 
    {
        "pk": 1, 
        "model": "scenario.objective", 
        "fields": {
            "color": "777F9722", 
            "name": "Tidal", 
            "short_name": "tidal_energy"
        }
    }, 
    {
        "pk": 9, 
        "model": "scenario.objective", 
        "fields": {
            "color": "778B1A55", 
            "name": "Pelagic", 
            "short_name": "pelagic_conservation"
        }
    }, 
    {
        "pk": 1, 
        "model": "scenario.energyobjective", 
        "fields": {
            "objective": 1
        }
    }, 
    {
        "pk": 2, 
        "model": "scenario.energyobjective", 
        "fields": {
            "objective": 7
        }
    }, 
    {
        "pk": 3, 
        "model": "scenario.energyobjective", 
        "fields": {
            "objective": 2
        }
    }, 
    {
        "pk": 1, 
        "model": "scenario.conservationobjective", 
        "fields": {
            "objective": 3
        }
    }, 
    {
        "pk": 2, 
        "model": "scenario.conservationobjective", 
        "fields": {
            "objective": 8
        }
    }, 
    {
        "pk": 3, 
        "model": "scenario.conservationobjective", 
        "fields": {
            "objective": 9
        }
    }, 
    {
        "pk": 4, 
        "model": "scenario.parameter", 
        "fields": {
            "name": "Min Depth", 
            "short_name": "need_to_populate"
        }
    }, 
    {
        "pk": 5, 
        "model": "scenario.parameter", 
        "fields": {
            "name": "Substrate", 
            "short_name": "substrate"
        }
    }, 
    {
        "pk": 2, 
        "model": "scenario.parameter", 
        "fields": {
            "name": "Distance to Port", 
            "short_name": "distance_port"
        }
    }, 
    {
        "pk": 1, 
        "model": "scenario.parameter", 
        "fields": {
            "name": "Distance to Shore", 
            "short_name": "distance_shore"
        }
    }, 
    {
        "pk": 3, 
        "model": "scenario.parameter", 
        "fields": {
            "name": "Depth", 
            "short_name": "depth"
        }
    }, 
    {
        "pk": 6, 
        "model": "scenario.parameter", 
        "fields": {
            "name": "Depth Class", 
            "short_name": "depth_class"
        }
    }, 
    {
        "pk": 7, 
        "model": "scenario.parameter", 
        "fields": {
            "name": "Geomorphology", 
            "short_name": "geomorphology"
        }
    }, 
    {
        "pk": 8, 
        "model": "scenario.parameter", 
        "fields": {
            "name": "Exposure", 
            "short_name": "exposure"
        }
    }, 
    {
        "pk": 10, 
        "model": "scenario.parameter", 
        "fields": {
            "name": "Upwelling", 
            "short_name": "upwelling"
        }
    }, 
    {
        "pk": 11, 
        "model": "scenario.parameter", 
        "fields": {
            "name": "Chlorophyll", 
            "short_name": "chlorophyl"
        }
    }, 
    {
        "pk": 9, 
        "model": "scenario.parameter", 
        "fields": {
            "name": "Ecosystem", 
            "short_name": "ecosystem"
        }
    }, 
    {
        "pk": 12, 
        "model": "scenario.parameter", 
        "fields": {
            "name": "Wind Potential", 
            "short_name": "wind_potential"
        }
    }, 
    {
        "pk": 13, 
        "model": "scenario.parameter", 
        "fields": {
            "name": "Mean Tidal Energy", 
            "short_name": "tidalmean"
        }
    }, 
    {
        "pk": 14, 
        "model": "scenario.parameter", 
        "fields": {
            "name": "Max Tidal Energy", 
            "short_name": "tidalmax"
        }
    }, 
    {
        "pk": 16, 
        "model": "scenario.parameter", 
        "fields": {
            "name": "Winter Wave Energy", 
            "short_name": "wavewinter"
        }
    }, 
    {
        "pk": 15, 
        "model": "scenario.parameter", 
        "fields": {
            "name": "Summer Wave Energy", 
            "short_name": "wavesummer"
        }
    }, 
    {
        "pk": 1, 
        "model": "scenario.tidalenergyparameter", 
        "fields": {
            "parameter": 1
        }
    }, 
    {
        "pk": 2, 
        "model": "scenario.tidalenergyparameter", 
        "fields": {
            "parameter": 2
        }
    }, 
    {
        "pk": 3, 
        "model": "scenario.tidalenergyparameter", 
        "fields": {
            "parameter": 3
        }
    }, 
    {
        "pk": 4, 
        "model": "scenario.tidalenergyparameter", 
        "fields": {
            "parameter": 5
        }
    }, 
    {
        "pk": 5, 
        "model": "scenario.tidalenergyparameter", 
        "fields": {
            "parameter": 13
        }
    }, 
    {
        "pk": 6, 
        "model": "scenario.tidalenergyparameter", 
        "fields": {
            "parameter": 14
        }
    }, 
    {
        "pk": 1, 
        "model": "scenario.windenergyparameter", 
        "fields": {
            "parameter": 1
        }
    }, 
    {
        "pk": 2, 
        "model": "scenario.windenergyparameter", 
        "fields": {
            "parameter": 2
        }
    }, 
    {
        "pk": 3, 
        "model": "scenario.windenergyparameter", 
        "fields": {
            "parameter": 3
        }
    }, 
    {
        "pk": 4, 
        "model": "scenario.windenergyparameter", 
        "fields": {
            "parameter": 5
        }
    }, 
    {
        "pk": 5, 
        "model": "scenario.windenergyparameter", 
        "fields": {
            "parameter": 12
        }
    }, 
    {
        "pk": 1, 
        "model": "scenario.waveenergyparameter", 
        "fields": {
            "parameter": 1
        }
    }, 
    {
        "pk": 2, 
        "model": "scenario.waveenergyparameter", 
        "fields": {
            "parameter": 2
        }
    }, 
    {
        "pk": 3, 
        "model": "scenario.waveenergyparameter", 
        "fields": {
            "parameter": 3
        }
    }, 
    {
        "pk": 4, 
        "model": "scenario.waveenergyparameter", 
        "fields": {
            "parameter": 5
        }
    }, 
    {
        "pk": 5, 
        "model": "scenario.waveenergyparameter", 
        "fields": {
            "parameter": 15
        }
    }, 
    {
        "pk": 6, 
        "model": "scenario.waveenergyparameter", 
        "fields": {
            "parameter": 16
        }
    }, 
    {
        "pk": 1, 
        "model": "scenario.offshoreconservationparameter", 
        "fields": {
            "parameter": 5
        }
    }, 
    {
        "pk": 2, 
        "model": "scenario.offshoreconservationparameter", 
        "fields": {
            "parameter": 6
        }
    }, 
    {
        "pk": 3, 
        "model": "scenario.offshoreconservationparameter", 
        "fields": {
            "parameter": 7
        }
    }, 
    {
        "pk": 1, 
        "model": "scenario.nearshoreconservationparameter", 
        "fields": {
            "parameter": 5
        }
    }, 
    {
        "pk": 2, 
        "model": "scenario.nearshoreconservationparameter", 
        "fields": {
            "parameter": 8
        }
    }, 
    {
        "pk": 3, 
        "model": "scenario.nearshoreconservationparameter", 
        "fields": {
            "parameter": 9
        }
    }, 
    {
        "pk": 1, 
        "model": "scenario.pelagicconservationparameter", 
        "fields": {
            "parameter": 10
        }
    }, 
    {
        "pk": 2, 
        "model": "scenario.pelagicconservationparameter", 
        "fields": {
            "parameter": 11
        }
    }, 
    {
        "pk": 1, 
        "model": "scenario.substrate", 
        "fields": {
            "color": "#bb6600", 
            "name": "Boulder", 
            "short_name": "boulder"
        }
    }, 
    {
        "pk": 2, 
        "model": "scenario.substrate", 
        "fields": {
            "color": "#551a8b", 
            "name": "Cobble", 
            "short_name": "cobble"
        }
    }, 
    {
        "pk": 8, 
        "model": "scenario.substrate", 
        "fields": {
            "color": "#eeeeee", 
            "name": "Shell", 
            "short_name": "shell"
        }
    }, 
    {
        "pk": 7, 
        "model": "scenario.substrate", 
        "fields": {
            "color": "#ffeecc", 
            "name": "Sand", 
            "short_name": "sand"
        }
    }, 
    {
        "pk": 6, 
        "model": "scenario.substrate", 
        "fields": {
            "color": "#664400", 
            "name": "Rock", 
            "short_name": "rock"
        }
    }, 
    {
        "pk": 5, 
        "model": "scenario.substrate", 
        "fields": {
            "color": "#ccaa00", 
            "name": "Mud", 
            "short_name": "mud"
        }
    }, 
    {
        "pk": 4, 
        "model": "scenario.substrate", 
        "fields": {
            "color": "#995500", 
            "name": "Island/Rock", 
            "short_name": "island_rock"
        }
    }, 
    {
        "pk": 3, 
        "model": "scenario.substrate", 
        "fields": {
            "color": "#dddddd", 
            "name": "Gravel", 
            "short_name": "gravel"
        }
    }, 
    {
        "pk": 7, 
        "model": "scenario.windpotential", 
        "fields": {
            "speed": "> 19.7 mph", 
            "name": "Superb", 
            "short_name": "superb", 
            "density": "> 800 W/m2"
        }
    }, 
    {
        "pk": 6, 
        "model": "scenario.windpotential", 
        "fields": {
            "speed": "17.9 - 19.7 mph", 
            "name": "Outstanding", 
            "short_name": "outstanding", 
            "density": "600 - 800 W/m2"
        }
    }, 
    {
        "pk": 5, 
        "model": "scenario.windpotential", 
        "fields": {
            "speed": "16.8 - 17.9 mph", 
            "name": "Excellent", 
            "short_name": "excellent", 
            "density": "500 - 600 W/m2"
        }
    }, 
    {
        "pk": 4, 
        "model": "scenario.windpotential", 
        "fields": {
            "speed": "15.7 - 16.8 mph", 
            "name": "Good", 
            "short_name": "good", 
            "density": "400 - 500 W/m2"
        }
    }, 
    {
        "pk": 3, 
        "model": "scenario.windpotential", 
        "fields": {
            "speed": "14.3 - 15.7 mph", 
            "name": "Fair", 
            "short_name": "fair", 
            "density": "300 - 400 W/m2"
        }
    }, 
    {
        "pk": 2, 
        "model": "scenario.windpotential", 
        "fields": {
            "speed": "12.5 - 14.3 mph", 
            "name": "Marginal", 
            "short_name": "marginal", 
            "density": "200 - 300 W/m2"
        }
    }, 
    {
        "pk": 1, 
        "model": "scenario.windpotential", 
        "fields": {
            "speed": "< 12.5 mph", 
            "name": "Poor", 
            "short_name": "poor", 
            "density": "0 - 200 W/m2"
        }
    }, 
    {
        "pk": 3, 
        "model": "scenario.depthclass", 
        "fields": {
            "name": "Mesobenthal", 
            "short_name": "mesobenthal"
        }
    }, 
    {
        "pk": 1, 
        "model": "scenario.depthclass", 
        "fields": {
            "name": "Innershelf", 
            "short_name": "innershelf"
        }
    }, 
    {
        "pk": 2, 
        "model": "scenario.depthclass", 
        "fields": {
            "name": "Midshelf", 
            "short_name": "midshelf"
        }
    }, 
    {
        "pk": 4, 
        "model": "scenario.depthclass", 
        "fields": {
            "name": "Bathybenthal", 
            "short_name": "bathybenthal"
        }
    }, 
    {
        "pk": 4, 
        "model": "scenario.geomorphology", 
        "fields": {
            "name": "Slope", 
            "short_name": "slope"
        }
    }, 
    {
        "pk": 3, 
        "model": "scenario.geomorphology", 
        "fields": {
            "name": "Ridge", 
            "short_name": "ridge"
        }
    }, 
    {
        "pk": 2, 
        "model": "scenario.geomorphology", 
        "fields": {
            "name": "Flat", 
            "short_name": "flat"
        }
    }, 
    {
        "pk": 1, 
        "model": "scenario.geomorphology", 
        "fields": {
            "name": "Basin", 
            "short_name": "basin"
        }
    }, 
    {
        "pk": 1, 
        "model": "scenario.tidalsubstrate", 
        "fields": {
            "color": "778B1A55", 
            "name": "Boulder", 
            "short_name": "boulder"
        }
    }, 
    {
        "pk": 2, 
        "model": "scenario.tidalsubstrate", 
        "fields": {
            "color": "778B1A55", 
            "name": "Channel", 
            "short_name": "channel"
        }
    }, 
    {
        "pk": 3, 
        "model": "scenario.tidalsubstrate", 
        "fields": {
            "color": "778B1A55", 
            "name": "Cobble/Gravel", 
            "short_name": "cobble_gravel"
        }
    }, 
    {
        "pk": 4, 
        "model": "scenario.tidalsubstrate", 
        "fields": {
            "color": "778B1A55", 
            "name": "Island/Rock", 
            "short_name": "island_rock"
        }
    }, 
    {
        "pk": 5, 
        "model": "scenario.tidalsubstrate", 
        "fields": {
            "color": "778B1A55", 
            "name": "Mud", 
            "short_name": "mud"
        }
    }, 
    {
        "pk": 6, 
        "model": "scenario.tidalsubstrate", 
        "fields": {
            "color": "778B1A55", 
            "name": "Organics/fines", 
            "short_name": "organics_fines"
        }
    }, 
    {
        "pk": 7, 
        "model": "scenario.tidalsubstrate", 
        "fields": {
            "color": "778B1A55", 
            "name": "Rock", 
            "short_name": "rock"
        }
    }, 
    {
        "pk": 8, 
        "model": "scenario.tidalsubstrate", 
        "fields": {
            "color": "778B1A55", 
            "name": "Sand", 
            "short_name": "sand"
        }
    }, 
    {
        "pk": 9, 
        "model": "scenario.tidalsubstrate", 
        "fields": {
            "color": "778B1A55", 
            "name": "Sand/Mud", 
            "short_name": "sand_mud"
        }
    }, 
    {
        "pk": 10, 
        "model": "scenario.tidalsubstrate", 
        "fields": {
            "color": "778B1A55", 
            "name": "Shell", 
            "short_name": "shell"
        }
    }, 
    {
        "pk": 11, 
        "model": "scenario.tidalsubstrate", 
        "fields": {
            "color": "778B1A55", 
            "name": "Undefined", 
            "short_name": "undefined"
        }
    }, 
    {
        "pk": 12, 
        "model": "scenario.tidalsubstrate", 
        "fields": {
            "color": "778B1A55", 
            "name": "Wood Debris/Organic", 
            "short_name": "wood_debris_organic"
        }
    }, 
    {
        "pk": 14, 
        "model": "scenario.nearshoresubstrate", 
        "fields": {
            "color": "778B1A55", 
            "name": "Wood Debris/Organic", 
            "short_name": "wood_debris_organic"
        }
    }, 
    {
        "pk": 13, 
        "model": "scenario.nearshoresubstrate", 
        "fields": {
            "color": "778B1A55", 
            "name": "Undefined", 
            "short_name": "undefined"
        }
    }, 
    {
        "pk": 12, 
        "model": "scenario.nearshoresubstrate", 
        "fields": {
            "color": "778B1A55", 
            "name": "Unconsolidated", 
            "short_name": "unconsolidated"
        }
    }, 
    {
        "pk": 11, 
        "model": "scenario.nearshoresubstrate", 
        "fields": {
            "color": "778B1A55", 
            "name": "Shell", 
            "short_name": "shell"
        }
    }, 
    {
        "pk": 10, 
        "model": "scenario.nearshoresubstrate", 
        "fields": {
            "color": "778B1A55", 
            "name": "Sand/Mud", 
            "short_name": "sand_mud"
        }
    }, 
    {
        "pk": 9, 
        "model": "scenario.nearshoresubstrate", 
        "fields": {
            "color": "778B1A55", 
            "name": "Sand & Gravel", 
            "short_name": "sand_gravel"
        }
    }, 
    {
        "pk": 8, 
        "model": "scenario.nearshoresubstrate", 
        "fields": {
            "color": "778B1A55", 
            "name": "Sand", 
            "short_name": "sand"
        }
    }, 
    {
        "pk": 6, 
        "model": "scenario.nearshoresubstrate", 
        "fields": {
            "color": "778B1A55", 
            "name": "Organics/fines", 
            "short_name": "organics_fines"
        }
    }, 
    {
        "pk": 7, 
        "model": "scenario.nearshoresubstrate", 
        "fields": {
            "color": "778B1A55", 
            "name": "Rock", 
            "short_name": "rock"
        }
    }, 
    {
        "pk": 1, 
        "model": "scenario.nearshoresubstrate", 
        "fields": {
            "color": "778B1A55", 
            "name": "Boulder", 
            "short_name": "boulder"
        }
    }, 
    {
        "pk": 2, 
        "model": "scenario.nearshoresubstrate", 
        "fields": {
            "color": "778B1A55", 
            "name": "Cobble/Gravel", 
            "short_name": "cobble_gravel"
        }
    }, 
    {
        "pk": 3, 
        "model": "scenario.nearshoresubstrate", 
        "fields": {
            "color": "778B1A55", 
            "name": "Gravel", 
            "short_name": "gravel"
        }
    }, 
    {
        "pk": 4, 
        "model": "scenario.nearshoresubstrate", 
        "fields": {
            "color": "778B1A55", 
            "name": "Man-made", 
            "short_name": "man_made"
        }
    }, 
    {
        "pk": 5, 
        "model": "scenario.nearshoresubstrate", 
        "fields": {
            "color": "778B1A55", 
            "name": "Mud", 
            "short_name": "mud"
        }
    }, 
    {
        "pk": 5, 
        "model": "scenario.nearshoreexposure", 
        "fields": {
            "name": "Unknown", 
            "short_name": "unknown"
        }
    }, 
    {
        "pk": 1, 
        "model": "scenario.nearshoreexposure", 
        "fields": {
            "name": "Very Exposed", 
            "short_name": "very_exposed"
        }
    }, 
    {
        "pk": 2, 
        "model": "scenario.nearshoreexposure", 
        "fields": {
            "name": "Exposed", 
            "short_name": "exposed"
        }
    }, 
    {
        "pk": 3, 
        "model": "scenario.nearshoreexposure", 
        "fields": {
            "name": "Protected", 
            "short_name": "protected"
        }
    }, 
    {
        "pk": 4, 
        "model": "scenario.nearshoreexposure", 
        "fields": {
            "name": "Very Protected", 
            "short_name": "very_protected"
        }
    }, 
    {
        "pk": 10, 
        "model": "scenario.nearshoreecosystem", 
        "fields": {
            "name": "Undefined", 
            "short_name": "undefined"
        }
    }, 
    {
        "pk": 9, 
        "model": "scenario.nearshoreecosystem", 
        "fields": {
            "name": "Surfgrass", 
            "short_name": "surfgrass"
        }
    }, 
    {
        "pk": 8, 
        "model": "scenario.nearshoreecosystem", 
        "fields": {
            "name": "Shrub Marsh", 
            "short_name": "shrub_marsh"
        }
    }, 
    {
        "pk": 7, 
        "model": "scenario.nearshoreecosystem", 
        "fields": {
            "name": "Seagrass", 
            "short_name": "seagrass"
        }
    }, 
    {
        "pk": 6, 
        "model": "scenario.nearshoreecosystem", 
        "fields": {
            "name": "Saltmarsh", 
            "short_name": "saltmarsh"
        }
    }, 
    {
        "pk": 5, 
        "model": "scenario.nearshoreecosystem", 
        "fields": {
            "name": "Organics", 
            "short_name": "organics"
        }
    }, 
    {
        "pk": 4, 
        "model": "scenario.nearshoreecosystem", 
        "fields": {
            "name": "Kelp", 
            "short_name": "kelp"
        }
    }, 
    {
        "pk": 3, 
        "model": "scenario.nearshoreecosystem", 
        "fields": {
            "name": "Fresh Marsh", 
            "short_name": "fresh_marsh"
        }
    }, 
    {
        "pk": 2, 
        "model": "scenario.nearshoreecosystem", 
        "fields": {
            "name": "Dune Grass", 
            "short_name": "dune_grass"
        }
    }, 
    {
        "pk": 1, 
        "model": "scenario.nearshoreecosystem", 
        "fields": {
            "name": "Aquatic Bed", 
            "short_name": "aquatic_bed"
        }
    }, 
    {
        "pk": 2, 
        "model": "scenario.upwelling", 
        "fields": {
            "name": "High Upwelling", 
            "short_name": "upwelling_high"
        }
    }, 
    {
        "pk": 1, 
        "model": "scenario.upwelling", 
        "fields": {
            "name": "Low Upwelling", 
            "short_name": "upwelling_low"
        }
    }, 
    {
        "pk": 3, 
        "model": "scenario.upwelling", 
        "fields": {
            "name": "Unknown", 
            "short_name": "unknown_upwelling"
        }
    }, 
    {
        "pk": 1, 
        "model": "scenario.chlorophyl", 
        "fields": {
            "name": "Low Chlorophyll", 
            "short_name": "chlorophyll_low"
        }
    }, 
    {
        "pk": 2, 
        "model": "scenario.chlorophyl", 
        "fields": {
            "name": "High Chlorophyll", 
            "short_name": "chlorophyll_high"
        }
    }, 
    {
        "pk": 3, 
        "model": "scenario.chlorophyl", 
        "fields": {
            "name": "Unknown", 
            "short_name": "unknown_chlorophyll"
        }
    }
]