[ 
    {
        "pk": 4, 
        "model": "scenario.category", 
        "fields": {
            "name": "Development", 
            "short_name": "development"
        }
    }, 
    {
        "pk": 3, 
        "model": "scenario.category", 
        "fields": {
            "name": "Fisheries", 
            "short_name": "fisheries"
        }
    }, 
    {
        "pk": 2, 
        "model": "scenario.category", 
        "fields": {
            "name": "Conservation", 
            "short_name": "conservation"
        }
    }, 
    {
        "pk": 1, 
        "model": "scenario.category", 
        "fields": {
            "name": "Renewable Energy", 
            "short_name": "energy"
        }
    }, 
    {
        "pk": 4, 
        "model": "scenario.objective", 
        "fields": {
            "color": "772DBBC8", 
            "name": "Shoreside Development", 
            "short_name": "shoreside_development"
        }
    }, 
    {
        "pk": 5, 
        "model": "scenario.objective", 
        "fields": {
            "color": "77722399", 
            "name": "Shellfish Aquaculture", 
            "short_name": "shellfish_aquaculture"
        }
    }, 
    {
        "pk": 6, 
        "model": "scenario.objective", 
        "fields": {
            "color": "77470B64", 
            "name": "Offshore Fishing", 
            "short_name": "offshore_fishing"
        }
    }, 
    {
        "pk": 3, 
        "model": "scenario.objective", 
        "fields": {
            "color": "77C5B24B", 
            "name": "Benthic", 
            "short_name": "offshore_conservation"
        }
    }, 
    {
        "pk": 8, 
        "model": "scenario.objective", 
        "fields": {
            "color": "778B1A55", 
            "name": "Nearshore", 
            "short_name": "nearshore_conservation"
        }
    }, 
    {
        "pk": 9, 
        "model": "scenario.objective", 
        "fields": {
            "color": "778B1A55", 
            "name": "Pelagic", 
            "short_name": "water_column_conservation"
        }
    }, 
    {
        "pk": 7, 
        "model": "scenario.objective", 
        "fields": {
            "color": "778B1A55", 
            "name": "Wave", 
            "short_name": "wave_energy"
        }
    }, 
    {
        "pk": 2, 
        "model": "scenario.objective", 
        "fields": {
            "color": "777FB4C5", 
            "name": "Wind", 
            "short_name": "wind_energy"
        }
    }, 
    {
        "pk": 1, 
        "model": "scenario.objective", 
        "fields": {
            "color": "777F9722", 
            "name": "Tidal", 
            "short_name": "tidal_energy"
        }
    }, 
    {
        "pk": 1, 
        "model": "scenario.energyobjective", 
        "fields": {
            "objective": 1
        }
    }, 
    {
        "pk": 2, 
        "model": "scenario.energyobjective", 
        "fields": {
            "objective": 7
        }
    }, 
    {
        "pk": 3, 
        "model": "scenario.energyobjective", 
        "fields": {
            "objective": 2
        }
    }, 
    {
        "pk": 1, 
        "model": "scenario.conservationobjective", 
        "fields": {
            "objective": 3
        }
    }, 
    {
        "pk": 2, 
        "model": "scenario.conservationobjective", 
        "fields": {
            "objective": 8
        }
    }, 
    {
        "pk": 3, 
        "model": "scenario.conservationobjective", 
        "fields": {
            "objective": 9
        }
    }, 
    {
        "pk": 1, 
        "model": "scenario.fisheriesobjective", 
        "fields": {
            "objective": 6
        }
    }, 
    {
        "pk": 2, 
        "model": "scenario.fisheriesobjective", 
        "fields": {
            "objective": 5
        }
    }, 
    {
        "pk": 1, 
        "model": "scenario.developmentobjective", 
        "fields": {
            "objective": 4
        }
    }, 
    {
        "pk": 4, 
        "model": "scenario.parameter", 
        "fields": {
            "name": "Min Depth", 
            "short_name": "need_to_populate"
        }
    }, 
    {
        "pk": 5, 
        "model": "scenario.parameter", 
        "fields": {
            "name": "Substrate", 
            "short_name": "substrate"
        }
    }, 
    {
        "pk": 2, 
        "model": "scenario.parameter", 
        "fields": {
            "name": "Distance to Port", 
            "short_name": "distance_port"
        }
    }, 
    {
        "pk": 1, 
        "model": "scenario.parameter", 
        "fields": {
            "name": "Distance to Shore", 
            "short_name": "distance_shore"
        }
    }, 
    {
        "pk": 3, 
        "model": "scenario.parameter", 
        "fields": {
            "name": "Depth", 
            "short_name": "depth"
        }
    }, 
    {
        "pk": 6, 
        "model": "scenario.parameter", 
        "fields": {
            "name": "Depth Class", 
            "short_name": "depth_class"
        }
    }, 
    {
        "pk": 7, 
        "model": "scenario.parameter", 
        "fields": {
            "name": "Geomorphology", 
            "short_name": "geomorphology"
        }
    }, 
    {
        "pk": 8, 
        "model": "scenario.parameter", 
        "fields": {
            "name": "Exposure", 
            "short_name": "exposure"
        }
    }, 
    {
        "pk": 10, 
        "model": "scenario.parameter", 
        "fields": {
            "name": "Upwelling", 
            "short_name": "upwelling"
        }
    }, 
    {
        "pk": 11, 
        "model": "scenario.parameter", 
        "fields": {
            "name": "Chlorophyl", 
            "short_name": "chlorophyl"
        }
    }, 
    {
        "pk": 9, 
        "model": "scenario.parameter", 
        "fields": {
            "name": "Ecosystem", 
            "short_name": "ecosystem"
        }
    }, 
    {
        "pk": 12, 
        "model": "scenario.parameter", 
        "fields": {
            "name": "Wind Potential", 
            "short_name": "wind_potential"
        }
    }, 
    {
        "pk": 13, 
        "model": "scenario.parameter", 
        "fields": {
            "name": "Mean Tidal Energy", 
            "short_name": "tidalmean"
        }
    }, 
    {
        "pk": 14, 
        "model": "scenario.parameter", 
        "fields": {
            "name": "Max Tidal Energy", 
            "short_name": "tidalmax"
        }
    }, 
    {
        "pk": 16, 
        "model": "scenario.parameter", 
        "fields": {
            "name": "Winter Wave Energy", 
            "short_name": "wavewinter"
        }
    }, 
    {
        "pk": 15, 
        "model": "scenario.parameter", 
        "fields": {
            "name": "Summer Wave Energy", 
            "short_name": "wavesummer"
        }
    }, 
    {
        "pk": 1, 
        "model": "scenario.tidalenergyparameter", 
        "fields": {
            "parameter": 1
        }
    }, 
    {
        "pk": 2, 
        "model": "scenario.tidalenergyparameter", 
        "fields": {
            "parameter": 2
        }
    }, 
    {
        "pk": 3, 
        "model": "scenario.tidalenergyparameter", 
        "fields": {
            "parameter": 3
        }
    }, 
    {
        "pk": 4, 
        "model": "scenario.tidalenergyparameter", 
        "fields": {
            "parameter": 5
        }
    }, 
    {
        "pk": 5, 
        "model": "scenario.tidalenergyparameter", 
        "fields": {
            "parameter": 13
        }
    }, 
    {
        "pk": 6, 
        "model": "scenario.tidalenergyparameter", 
        "fields": {
            "parameter": 14
        }
    }, 
    {
        "pk": 1, 
        "model": "scenario.windenergyparameter", 
        "fields": {
            "parameter": 1
        }
    }, 
    {
        "pk": 2, 
        "model": "scenario.windenergyparameter", 
        "fields": {
            "parameter": 2
        }
    }, 
    {
        "pk": 3, 
        "model": "scenario.windenergyparameter", 
        "fields": {
            "parameter": 3
        }
    }, 
    {
        "pk": 4, 
        "model": "scenario.windenergyparameter", 
        "fields": {
            "parameter": 5
        }
    }, 
    {
        "pk": 5, 
        "model": "scenario.windenergyparameter", 
        "fields": {
            "parameter": 12
        }
    }, 
    {
        "pk": 1, 
        "model": "scenario.waveenergyparameter", 
        "fields": {
            "parameter": 1
        }
    }, 
    {
        "pk": 2, 
        "model": "scenario.waveenergyparameter", 
        "fields": {
            "parameter": 2
        }
    }, 
    {
        "pk": 3, 
        "model": "scenario.waveenergyparameter", 
        "fields": {
            "parameter": 3
        }
    }, 
    {
        "pk": 4, 
        "model": "scenario.waveenergyparameter", 
        "fields": {
            "parameter": 5
        }
    }, 
    {
        "pk": 5, 
        "model": "scenario.waveenergyparameter", 
        "fields": {
            "parameter": 15
        }
    }, 
    {
        "pk": 6, 
        "model": "scenario.waveenergyparameter", 
        "fields": {
            "parameter": 16
        }
    }, 
    {
        "pk": 1, 
        "model": "scenario.offshoreconservationparameter", 
        "fields": {
            "parameter": 5
        }
    }, 
    {
        "pk": 2, 
        "model": "scenario.offshoreconservationparameter", 
        "fields": {
            "parameter": 6
        }
    }, 
    {
        "pk": 3, 
        "model": "scenario.offshoreconservationparameter", 
        "fields": {
            "parameter": 7
        }
    }, 
    {
        "pk": 1, 
        "model": "scenario.nearshoreconservationparameter", 
        "fields": {
            "parameter": 5
        }
    }, 
    {
        "pk": 2, 
        "model": "scenario.nearshoreconservationparameter", 
        "fields": {
            "parameter": 8
        }
    }, 
    {
        "pk": 3, 
        "model": "scenario.nearshoreconservationparameter", 
        "fields": {
            "parameter": 9
        }
    }, 
    {
        "pk": 1, 
        "model": "scenario.watercolumnconservationparameter", 
        "fields": {
            "parameter": 10
        }
    }, 
    {
        "pk": 2, 
        "model": "scenario.watercolumnconservationparameter", 
        "fields": {
            "parameter": 11
        }
    }, 
    {
        "pk": 1, 
        "model": "scenario.shoresidedevelopmentparameter", 
        "fields": {
            "parameter": 1
        }
    }, 
    {
        "pk": 3, 
        "model": "scenario.shellfishaquacultureparameter", 
        "fields": {
            "parameter": 5
        }
    }, 
    {
        "pk": 1, 
        "model": "scenario.shellfishaquacultureparameter", 
        "fields": {
            "parameter": 1
        }
    }, 
    {
        "pk": 2, 
        "model": "scenario.shellfishaquacultureparameter", 
        "fields": {
            "parameter": 3
        }
    }, 
    {
        "pk": 1, 
        "model": "scenario.offshorefishingparameter", 
        "fields": {
            "parameter": 2
        }
    }, 
    {
        "pk": 2, 
        "model": "scenario.offshorefishingparameter", 
        "fields": {
            "parameter": 3
        }
    }, 
    {
        "pk": 3, 
        "model": "scenario.offshorefishingparameter", 
        "fields": {
            "parameter": 5
        }
    }, 
    {
        "pk": 1, 
        "model": "scenario.substrate", 
        "fields": {
            "color": "#bb6600", 
            "name": "Boulder", 
            "short_name": "boulder"
        }
    }, 
    {
        "pk": 2, 
        "model": "scenario.substrate", 
        "fields": {
            "color": "#551a8b", 
            "name": "Cobble", 
            "short_name": "cobble"
        }
    }, 
    {
        "pk": 3, 
        "model": "scenario.substrate", 
        "fields": {
            "color": "#995500", 
            "name": "Island/Rock", 
            "short_name": "island_rock"
        }
    }, 
    {
        "pk": 4, 
        "model": "scenario.substrate", 
        "fields": {
            "color": "#ccaa00", 
            "name": "Mud", 
            "short_name": "mud"
        }
    }, 
    {
        "pk": 5, 
        "model": "scenario.substrate", 
        "fields": {
            "color": "#664400", 
            "name": "Rock", 
            "short_name": "rock"
        }
    }, 
    {
        "pk": 6, 
        "model": "scenario.substrate", 
        "fields": {
            "color": "#ffeecc", 
            "name": "Sand", 
            "short_name": "sand"
        }
    }, 
    {
        "pk": 7, 
        "model": "scenario.substrate", 
        "fields": {
            "color": "#eeeeee", 
            "name": "Shell", 
            "short_name": "shell"
        }
    }, 
    {
        "pk": 8, 
        "model": "scenario.substrate", 
        "fields": {
            "color": "#dddddd", 
            "name": "Gravel", 
            "short_name": "gravel"
        }
    }, 
    {
        "pk": 7, 
        "model": "scenario.windpotential", 
        "fields": {
            "speed": "> 19.7 mph", 
            "name": "Superb", 
            "short_name": "superb", 
            "density": "> 800 W/m2"
        }
    }, 
    {
        "pk": 6, 
        "model": "scenario.windpotential", 
        "fields": {
            "speed": "17.9 - 19.7 mph", 
            "name": "Outstanding", 
            "short_name": "outstanding", 
            "density": "600 - 800 W/m2"
        }
    }, 
    {
        "pk": 5, 
        "model": "scenario.windpotential", 
        "fields": {
            "speed": "16.8 - 17.9 mph", 
            "name": "Excellent", 
            "short_name": "excellent", 
            "density": "500 - 600 W/m2"
        }
    }, 
    {
        "pk": 4, 
        "model": "scenario.windpotential", 
        "fields": {
            "speed": "15.7 - 16.8 mph", 
            "name": "Good", 
            "short_name": "good", 
            "density": "400 - 500 W/m2"
        }
    }, 
    {
        "pk": 3, 
        "model": "scenario.windpotential", 
        "fields": {
            "speed": "14.3 - 15.7 mph", 
            "name": "Fair", 
            "short_name": "fair", 
            "density": "300 - 400 W/m2"
        }
    }, 
    {
        "pk": 2, 
        "model": "scenario.windpotential", 
        "fields": {
            "speed": "12.5 - 14.3 mph", 
            "name": "Marginal", 
            "short_name": "marginal", 
            "density": "200 - 300 W/m2"
        }
    }, 
    {
        "pk": 1, 
        "model": "scenario.windpotential", 
        "fields": {
            "speed": "< 12.5 mph", 
            "name": "Poor", 
            "short_name": "poor", 
            "density": "0 - 200 W/m2"
        }
    }, 
    {
        "pk": 4, 
        "model": "scenario.depthclass", 
        "fields": {
            "name": "Midshelf", 
            "short_name": "midshelf"
        }
    }, 
    {
        "pk": 3, 
        "model": "scenario.depthclass", 
        "fields": {
            "name": "Mesobenthal", 
            "short_name": "mesobenthal"
        }
    }, 
    {
        "pk": 2, 
        "model": "scenario.depthclass", 
        "fields": {
            "name": "Innershelf", 
            "short_name": "innershelf"
        }
    }, 
    {
        "pk": 1, 
        "model": "scenario.depthclass", 
        "fields": {
            "name": "Bathybenthal", 
            "short_name": "bathybenthal"
        }
    }, 
    {
        "pk": 4, 
        "model": "scenario.geomorphology", 
        "fields": {
            "name": "Slope", 
            "short_name": "slope"
        }
    }, 
    {
        "pk": 3, 
        "model": "scenario.geomorphology", 
        "fields": {
            "name": "Ridge", 
            "short_name": "ridge"
        }
    }, 
    {
        "pk": 2, 
        "model": "scenario.geomorphology", 
        "fields": {
            "name": "Flat", 
            "short_name": "flat"
        }
    }, 
    {
        "pk": 1, 
        "model": "scenario.geomorphology", 
        "fields": {
            "name": "Basin", 
            "short_name": "basin"
        }
    }, 
    {
        "pk": 1, 
        "model": "scenario.nearshoresubstrate", 
        "fields": {
            "color": "778B1A55", 
            "name": "Rock"
        }
    }, 
    {
        "pk": 2, 
        "model": "scenario.nearshoresubstrate", 
        "fields": {
            "color": "778B1A55", 
            "name": "Boulder"
        }
    }, 
    {
        "pk": 3, 
        "model": "scenario.nearshoresubstrate", 
        "fields": {
            "color": "778B1A55", 
            "name": "Cobble/Gravel"
        }
    }, 
    {
        "pk": 4, 
        "model": "scenario.nearshoresubstrate", 
        "fields": {
            "color": "778B1A55", 
            "name": "Sand/Mud"
        }
    }, 
    {
        "pk": 5, 
        "model": "scenario.nearshoresubstrate", 
        "fields": {
            "color": "778B1A55", 
            "name": "Gravel"
        }
    }, 
    {
        "pk": 6, 
        "model": "scenario.nearshoresubstrate", 
        "fields": {
            "color": "778B1A55", 
            "name": "Man-made"
        }
    }, 
    {
        "pk": 7, 
        "model": "scenario.nearshoresubstrate", 
        "fields": {
            "color": "778B1A55", 
            "name": "Mud"
        }
    }, 
    {
        "pk": 8, 
        "model": "scenario.nearshoresubstrate", 
        "fields": {
            "color": "778B1A55", 
            "name": "Organics/fines"
        }
    }, 
    {
        "pk": 9, 
        "model": "scenario.nearshoresubstrate", 
        "fields": {
            "color": "778B1A55", 
            "name": "Sand"
        }
    }, 
    {
        "pk": 10, 
        "model": "scenario.nearshoresubstrate", 
        "fields": {
            "color": "778B1A55", 
            "name": "Sand&Gravel"
        }
    }, 
    {
        "pk": 11, 
        "model": "scenario.nearshoresubstrate", 
        "fields": {
            "color": "778B1A55", 
            "name": "Shell"
        }
    }, 
    {
        "pk": 12, 
        "model": "scenario.nearshoresubstrate", 
        "fields": {
            "color": "778B1A55", 
            "name": "Unconsolidated"
        }
    }, 
    {
        "pk": 13, 
        "model": "scenario.nearshoresubstrate", 
        "fields": {
            "color": "778B1A55", 
            "name": "Undefined"
        }
    }, 
    {
        "pk": 14, 
        "model": "scenario.nearshoresubstrate", 
        "fields": {
            "color": "778B1A55", 
            "name": "Wood Debris/Organic"
        }
    }, 
    {
        "pk": 1, 
        "model": "scenario.nearshoreexposure", 
        "fields": {
            "name": "Exposed"
        }
    }, 
    {
        "pk": 2, 
        "model": "scenario.nearshoreexposure", 
        "fields": {
            "name": "Protected"
        }
    }, 
    {
        "pk": 3, 
        "model": "scenario.nearshoreexposure", 
        "fields": {
            "name": "Very Protected"
        }
    }, 
    {
        "pk": 4, 
        "model": "scenario.nearshoreexposure", 
        "fields": {
            "name": "Very Exposed"
        }
    }, 
    {
        "pk": 5, 
        "model": "scenario.nearshoreexposure", 
        "fields": {
            "name": "Unknown"
        }
    }, 
    {
        "pk": 1, 
        "model": "scenario.nearshoreecosystem", 
        "fields": {
            "name": "Aquatic Bed"
        }
    }, 
    {
        "pk": 2, 
        "model": "scenario.nearshoreecosystem", 
        "fields": {
            "name": "Dune Grass"
        }
    }, 
    {
        "pk": 3, 
        "model": "scenario.nearshoreecosystem", 
        "fields": {
            "name": "Fresh Marsh"
        }
    }, 
    {
        "pk": 4, 
        "model": "scenario.nearshoreecosystem", 
        "fields": {
            "name": "Kelp"
        }
    }, 
    {
        "pk": 5, 
        "model": "scenario.nearshoreecosystem", 
        "fields": {
            "name": "Organics"
        }
    }, 
    {
        "pk": 6, 
        "model": "scenario.nearshoreecosystem", 
        "fields": {
            "name": "Saltmarsh"
        }
    }, 
    {
        "pk": 7, 
        "model": "scenario.nearshoreecosystem", 
        "fields": {
            "name": "Seagrass"
        }
    }, 
    {
        "pk": 8, 
        "model": "scenario.nearshoreecosystem", 
        "fields": {
            "name": "Shrub Marsh"
        }
    }, 
    {
        "pk": 9, 
        "model": "scenario.nearshoreecosystem", 
        "fields": {
            "name": "Surfgrass"
        }
    }, 
    {
        "pk": 10, 
        "model": "scenario.nearshoreecosystem", 
        "fields": {
            "name": "Undefined"
        }
    }, 
    {
        "pk": 1, 
        "model": "scenario.upwelling", 
        "fields": {
            "name": "Low"
        }
    }, 
    {
        "pk": 2, 
        "model": "scenario.upwelling", 
        "fields": {
            "name": "High"
        }
    }, 
    {
        "pk": 1, 
        "model": "scenario.chlorophyl", 
        "fields": {
            "name": "Low"
        }
    }, 
    {
        "pk": 2, 
        "model": "scenario.chlorophyl", 
        "fields": {
            "name": "High"
        }
    }, 
    {
        "pk": 985, 
        "model": "scenario.offshoreconservationparameterarea", 
        "fields": {
            "name": "boulder_innershelf", 
            "area": 259221.0
        }
    }, 
    {
        "pk": 986, 
        "model": "scenario.offshoreconservationparameterarea", 
        "fields": {
            "name": "boulder_mesobenthal", 
            "area": 109294167.0
        }
    }, 
    {
        "pk": 987, 
        "model": "scenario.offshoreconservationparameterarea", 
        "fields": {
            "name": "boulder_midshelf", 
            "area": 267483945.0
        }
    }, 
    {
        "pk": 988, 
        "model": "scenario.offshoreconservationparameterarea", 
        "fields": {
            "name": "island_rock_innershelf", 
            "area": 1360912.0
        }
    }, 
    {
        "pk": 989, 
        "model": "scenario.offshoreconservationparameterarea", 
        "fields": {
            "name": "island_rock_midshelf", 
            "area": 32403.0
        }
    }, 
    {
        "pk": 990, 
        "model": "scenario.offshoreconservationparameterarea", 
        "fields": {
            "name": "mud_midshelf", 
            "area": 4452190060.0
        }
    }, 
    {
        "pk": 991, 
        "model": "scenario.offshoreconservationparameterarea", 
        "fields": {
            "name": "mud_mesobenthal", 
            "area": 3805238584.0
        }
    }, 
    {
        "pk": 992, 
        "model": "scenario.offshoreconservationparameterarea", 
        "fields": {
            "name": "mud_bathybenthal", 
            "area": 20415003258.0
        }
    }, 
    {
        "pk": 993, 
        "model": "scenario.offshoreconservationparameterarea", 
        "fields": {
            "name": "mud_innershelf", 
            "area": 6577740.0
        }
    }, 
    {
        "pk": 994, 
        "model": "scenario.offshoreconservationparameterarea", 
        "fields": {
            "name": "rock_innershelf", 
            "area": 203747916.0
        }
    }, 
    {
        "pk": 995, 
        "model": "scenario.offshoreconservationparameterarea", 
        "fields": {
            "name": "rock_midshelf", 
            "area": 245352929.0
        }
    }, 
    {
        "pk": 996, 
        "model": "scenario.offshoreconservationparameterarea", 
        "fields": {
            "name": "rock_mesobenthal", 
            "area": 69665715.0
        }
    }, 
    {
        "pk": 997, 
        "model": "scenario.offshoreconservationparameterarea", 
        "fields": {
            "name": "rock_bathybenthal", 
            "area": 12766647.0
        }
    }, 
    {
        "pk": 998, 
        "model": "scenario.offshoreconservationparameterarea", 
        "fields": {
            "name": "sand_bathybenthal", 
            "area": 6350921.0
        }
    }, 
    {
        "pk": 999, 
        "model": "scenario.offshoreconservationparameterarea", 
        "fields": {
            "name": "sand_innershelf", 
            "area": 2940800465.0
        }
    }, 
    {
        "pk": 1000, 
        "model": "scenario.offshoreconservationparameterarea", 
        "fields": {
            "name": "sand_midshelf", 
            "area": 8146870774.0
        }
    }, 
    {
        "pk": 1001, 
        "model": "scenario.offshoreconservationparameterarea", 
        "fields": {
            "name": "sand_mesobenthal", 
            "area": 493265668.0
        }
    }, 
    {
        "pk": 1002, 
        "model": "scenario.offshoreconservationparameterarea", 
        "fields": {
            "name": "shell_midshelf", 
            "area": 3531890.0
        }
    }, 
    {
        "pk": 1003, 
        "model": "scenario.offshoreconservationparameterarea", 
        "fields": {
            "name": "shell_innershelf", 
            "area": 1749744.0
        }
    }, 
    {
        "pk": 1004, 
        "model": "scenario.offshoreconservationparameterarea", 
        "fields": {
            "name": "shell_mesobenthal", 
            "area": 162013.0
        }
    }, 
    {
        "pk": 1005, 
        "model": "scenario.offshoreconservationparameterarea", 
        "fields": {
            "name": "gravel_midshelf", 
            "area": 36615004.0
        }
    }, 
    {
        "pk": 1006, 
        "model": "scenario.offshoreconservationparameterarea", 
        "fields": {
            "name": "gravel_innershelf", 
            "area": 50321328.0
        }
    }, 
    {
        "pk": 1007, 
        "model": "scenario.offshoreconservationparameterarea", 
        "fields": {
            "name": "gravel_mesobenthal", 
            "area": 1652536.0
        }
    }, 
    {
        "pk": 1008, 
        "model": "scenario.offshoreconservationparameterarea", 
        "fields": {
            "name": "boulder_ridge", 
            "area": 109196959.0
        }
    }, 
    {
        "pk": 1009, 
        "model": "scenario.offshoreconservationparameterarea", 
        "fields": {
            "name": "boulder_basin", 
            "area": 36031756.0
        }
    }, 
    {
        "pk": 1010, 
        "model": "scenario.offshoreconservationparameterarea", 
        "fields": {
            "name": "boulder_slope", 
            "area": 127569266.0
        }
    }, 
    {
        "pk": 1011, 
        "model": "scenario.offshoreconservationparameterarea", 
        "fields": {
            "name": "boulder_flat", 
            "area": 104239352.0
        }
    }, 
    {
        "pk": 1012, 
        "model": "scenario.offshoreconservationparameterarea", 
        "fields": {
            "name": "island_rock_ridge", 
            "area": 615651.0
        }
    }, 
    {
        "pk": 1013, 
        "model": "scenario.offshoreconservationparameterarea", 
        "fields": {
            "name": "island_rock_slope", 
            "area": 226819.0
        }
    }, 
    {
        "pk": 1014, 
        "model": "scenario.offshoreconservationparameterarea", 
        "fields": {
            "name": "island_rock_flat", 
            "area": 518443.0
        }
    }, 
    {
        "pk": 1015, 
        "model": "scenario.offshoreconservationparameterarea", 
        "fields": {
            "name": "island_rock_basin", 
            "area": 32403.0
        }
    }, 
    {
        "pk": 1016, 
        "model": "scenario.offshoreconservationparameterarea", 
        "fields": {
            "name": "mud_slope", 
            "area": 5841324425.0
        }
    }, 
    {
        "pk": 1017, 
        "model": "scenario.offshoreconservationparameterarea", 
        "fields": {
            "name": "mud_flat", 
            "area": 13880974803.0
        }
    }, 
    {
        "pk": 1018, 
        "model": "scenario.offshoreconservationparameterarea", 
        "fields": {
            "name": "mud_basin", 
            "area": 4608306068.0
        }
    }, 
    {
        "pk": 1019, 
        "model": "scenario.offshoreconservationparameterarea", 
        "fields": {
            "name": "mud_ridge", 
            "area": 4348274735.0
        }
    }, 
    {
        "pk": 1020, 
        "model": "scenario.offshoreconservationparameterarea", 
        "fields": {
            "name": "rock_ridge", 
            "area": 118528924.0
        }
    }, 
    {
        "pk": 1021, 
        "model": "scenario.offshoreconservationparameterarea", 
        "fields": {
            "name": "rock_slope", 
            "area": 102424803.0
        }
    }, 
    {
        "pk": 1022, 
        "model": "scenario.offshoreconservationparameterarea", 
        "fields": {
            "name": "rock_flat", 
            "area": 307339214.0
        }
    }, 
    {
        "pk": 1023, 
        "model": "scenario.offshoreconservationparameterarea", 
        "fields": {
            "name": "rock_basin", 
            "area": 3240266.0
        }
    }, 
    {
        "pk": 1024, 
        "model": "scenario.offshoreconservationparameterarea", 
        "fields": {
            "name": "sand_ridge", 
            "area": 416114938.0
        }
    }, 
    {
        "pk": 1025, 
        "model": "scenario.offshoreconservationparameterarea", 
        "fields": {
            "name": "sand_flat", 
            "area": 10809656430.0
        }
    }, 
    {
        "pk": 1026, 
        "model": "scenario.offshoreconservationparameterarea", 
        "fields": {
            "name": "sand_basin", 
            "area": 18696334.0
        }
    }, 
    {
        "pk": 1027, 
        "model": "scenario.offshoreconservationparameterarea", 
        "fields": {
            "name": "sand_slope", 
            "area": 342820125.0
        }
    }, 
    {
        "pk": 1028, 
        "model": "scenario.offshoreconservationparameterarea", 
        "fields": {
            "name": "shell_ridge", 
            "area": 162013.0
        }
    }, 
    {
        "pk": 1029, 
        "model": "scenario.offshoreconservationparameterarea", 
        "fields": {
            "name": "shell_flat", 
            "area": 3175461.0
        }
    }, 
    {
        "pk": 1030, 
        "model": "scenario.offshoreconservationparameterarea", 
        "fields": {
            "name": "shell_slope", 
            "area": 2106173.0
        }
    }, 
    {
        "pk": 1031, 
        "model": "scenario.offshoreconservationparameterarea", 
        "fields": {
            "name": "gravel_slope", 
            "area": 7841443.0
        }
    }, 
    {
        "pk": 1032, 
        "model": "scenario.offshoreconservationparameterarea", 
        "fields": {
            "name": "gravel_basin", 
            "area": 162013.0
        }
    }, 
    {
        "pk": 1033, 
        "model": "scenario.offshoreconservationparameterarea", 
        "fields": {
            "name": "gravel_ridge", 
            "area": 518443.0
        }
    }, 
    {
        "pk": 1034, 
        "model": "scenario.offshoreconservationparameterarea", 
        "fields": {
            "name": "gravel_flat", 
            "area": 80066969.0
        }
    }, 
    {
        "pk": 1035, 
        "model": "scenario.offshoreconservationparameterarea", 
        "fields": {
            "name": "bathybenthal_rock", 
            "area": 12766647.0
        }
    }, 
    {
        "pk": 1036, 
        "model": "scenario.offshoreconservationparameterarea", 
        "fields": {
            "name": "bathybenthal_sand", 
            "area": 6350921.0
        }
    }, 
    {
        "pk": 1037, 
        "model": "scenario.offshoreconservationparameterarea", 
        "fields": {
            "name": "bathybenthal_mud", 
            "area": 20415003258.0
        }
    }, 
    {
        "pk": 1038, 
        "model": "scenario.offshoreconservationparameterarea", 
        "fields": {
            "name": "innershelf_island_rock", 
            "area": 1360912.0
        }
    }, 
    {
        "pk": 1039, 
        "model": "scenario.offshoreconservationparameterarea", 
        "fields": {
            "name": "innershelf_rock", 
            "area": 203747916.0
        }
    }, 
    {
        "pk": 1040, 
        "model": "scenario.offshoreconservationparameterarea", 
        "fields": {
            "name": "innershelf_sand", 
            "area": 2940800465.0
        }
    }, 
    {
        "pk": 1041, 
        "model": "scenario.offshoreconservationparameterarea", 
        "fields": {
            "name": "innershelf_shell", 
            "area": 1749744.0
        }
    }, 
    {
        "pk": 1042, 
        "model": "scenario.offshoreconservationparameterarea", 
        "fields": {
            "name": "innershelf_gravel", 
            "area": 50321328.0
        }
    }, 
    {
        "pk": 1043, 
        "model": "scenario.offshoreconservationparameterarea", 
        "fields": {
            "name": "innershelf_boulder", 
            "area": 259221.0
        }
    }, 
    {
        "pk": 1044, 
        "model": "scenario.offshoreconservationparameterarea", 
        "fields": {
            "name": "innershelf_mud", 
            "area": 6577740.0
        }
    }, 
    {
        "pk": 1045, 
        "model": "scenario.offshoreconservationparameterarea", 
        "fields": {
            "name": "mesobenthal_shell", 
            "area": 162013.0
        }
    }, 
    {
        "pk": 1046, 
        "model": "scenario.offshoreconservationparameterarea", 
        "fields": {
            "name": "mesobenthal_gravel", 
            "area": 1652536.0
        }
    }, 
    {
        "pk": 1047, 
        "model": "scenario.offshoreconservationparameterarea", 
        "fields": {
            "name": "mesobenthal_rock", 
            "area": 69665715.0
        }
    }, 
    {
        "pk": 1048, 
        "model": "scenario.offshoreconservationparameterarea", 
        "fields": {
            "name": "mesobenthal_sand", 
            "area": 493265668.0
        }
    }, 
    {
        "pk": 1049, 
        "model": "scenario.offshoreconservationparameterarea", 
        "fields": {
            "name": "mesobenthal_mud", 
            "area": 3805238584.0
        }
    }, 
    {
        "pk": 1050, 
        "model": "scenario.offshoreconservationparameterarea", 
        "fields": {
            "name": "mesobenthal_boulder", 
            "area": 109294167.0
        }
    }, 
    {
        "pk": 1051, 
        "model": "scenario.offshoreconservationparameterarea", 
        "fields": {
            "name": "midshelf_rock", 
            "area": 245352929.0
        }
    }, 
    {
        "pk": 1052, 
        "model": "scenario.offshoreconservationparameterarea", 
        "fields": {
            "name": "midshelf_island_rock", 
            "area": 32403.0
        }
    }, 
    {
        "pk": 1053, 
        "model": "scenario.offshoreconservationparameterarea", 
        "fields": {
            "name": "midshelf_gravel", 
            "area": 36615004.0
        }
    }, 
    {
        "pk": 1054, 
        "model": "scenario.offshoreconservationparameterarea", 
        "fields": {
            "name": "midshelf_mud", 
            "area": 4452190060.0
        }
    }, 
    {
        "pk": 1055, 
        "model": "scenario.offshoreconservationparameterarea", 
        "fields": {
            "name": "midshelf_sand", 
            "area": 8146870774.0
        }
    }, 
    {
        "pk": 1056, 
        "model": "scenario.offshoreconservationparameterarea", 
        "fields": {
            "name": "midshelf_boulder", 
            "area": 267483945.0
        }
    }, 
    {
        "pk": 1057, 
        "model": "scenario.offshoreconservationparameterarea", 
        "fields": {
            "name": "midshelf_shell", 
            "area": 3531890.0
        }
    }, 
    {
        "pk": 1058, 
        "model": "scenario.offshoreconservationparameterarea", 
        "fields": {
            "name": "bathybenthal_flat", 
            "area": 8180569538.0
        }
    }, 
    {
        "pk": 1059, 
        "model": "scenario.offshoreconservationparameterarea", 
        "fields": {
            "name": "bathybenthal_basin", 
            "area": 4299087499.0
        }
    }, 
    {
        "pk": 1060, 
        "model": "scenario.offshoreconservationparameterarea", 
        "fields": {
            "name": "bathybenthal_slope", 
            "area": 4774142873.0
        }
    }, 
    {
        "pk": 1061, 
        "model": "scenario.offshoreconservationparameterarea", 
        "fields": {
            "name": "bathybenthal_ridge", 
            "area": 3180191305.0
        }
    }, 
    {
        "pk": 1062, 
        "model": "scenario.offshoreconservationparameterarea", 
        "fields": {
            "name": "innershelf_slope", 
            "area": 155532760.0
        }
    }, 
    {
        "pk": 1063, 
        "model": "scenario.offshoreconservationparameterarea", 
        "fields": {
            "name": "innershelf_ridge", 
            "area": 73456826.0
        }
    }, 
    {
        "pk": 970, 
        "model": "scenario.offshoreconservationparameterarea", 
        "fields": {
            "name": "boulder", 
            "area": 377037332.0
        }
    }, 
    {
        "pk": 971, 
        "model": "scenario.offshoreconservationparameterarea", 
        "fields": {
            "name": "shell", 
            "area": 5443647.0
        }
    }, 
    {
        "pk": 972, 
        "model": "scenario.offshoreconservationparameterarea", 
        "fields": {
            "name": "mud", 
            "area": 28679009642.0
        }
    }, 
    {
        "pk": 973, 
        "model": "scenario.offshoreconservationparameterarea", 
        "fields": {
            "name": "sand", 
            "area": 11587320230.0
        }
    }, 
    {
        "pk": 974, 
        "model": "scenario.offshoreconservationparameterarea", 
        "fields": {
            "name": "rock", 
            "area": 531533207.0
        }
    }, 
    {
        "pk": 975, 
        "model": "scenario.offshoreconservationparameterarea", 
        "fields": {
            "name": "gravel", 
            "area": 88588868.0
        }
    }, 
    {
        "pk": 976, 
        "model": "scenario.offshoreconservationparameterarea", 
        "fields": {
            "name": "island_rock", 
            "area": 1393314.0
        }
    }, 
    {
        "pk": 977, 
        "model": "scenario.offshoreconservationparameterarea", 
        "fields": {
            "name": "bathybenthal", 
            "area": 20434120826.0
        }
    }, 
    {
        "pk": 978, 
        "model": "scenario.offshoreconservationparameterarea", 
        "fields": {
            "name": "midshelf", 
            "area": 13152077003.0
        }
    }, 
    {
        "pk": 979, 
        "model": "scenario.offshoreconservationparameterarea", 
        "fields": {
            "name": "innershelf", 
            "area": 3204946936.0
        }
    }, 
    {
        "pk": 980, 
        "model": "scenario.offshoreconservationparameterarea", 
        "fields": {
            "name": "mesobenthal", 
            "area": 4479278682.0
        }
    }, 
    {
        "pk": 981, 
        "model": "scenario.offshoreconservationparameterarea", 
        "fields": {
            "name": "slope", 
            "area": 6424313054.0
        }
    }, 
    {
        "pk": 982, 
        "model": "scenario.offshoreconservationparameterarea", 
        "fields": {
            "name": "flat", 
            "area": 25186067879.0
        }
    }, 
    {
        "pk": 983, 
        "model": "scenario.offshoreconservationparameterarea", 
        "fields": {
            "name": "basin", 
            "area": 4666468840.0
        }
    }, 
    {
        "pk": 984, 
        "model": "scenario.offshoreconservationparameterarea", 
        "fields": {
            "name": "ridge", 
            "area": 4993444065.0
        }
    }, 
    {
        "pk": 1064, 
        "model": "scenario.offshoreconservationparameterarea", 
        "fields": {
            "name": "innershelf_flat", 
            "area": 2974369619.0
        }
    }, 
    {
        "pk": 1065, 
        "model": "scenario.offshoreconservationparameterarea", 
        "fields": {
            "name": "innershelf_basin", 
            "area": 1555328.0
        }
    }, 
    {
        "pk": 1066, 
        "model": "scenario.offshoreconservationparameterarea", 
        "fields": {
            "name": "mesobenthal_flat", 
            "area": 2030966222.0
        }
    }, 
    {
        "pk": 1067, 
        "model": "scenario.offshoreconservationparameterarea", 
        "fields": {
            "name": "mesobenthal_ridge", 
            "area": 886277511.0
        }
    }, 
    {
        "pk": 1068, 
        "model": "scenario.offshoreconservationparameterarea", 
        "fields": {
            "name": "mesobenthal_slope", 
            "area": 1256542687.0
        }
    }, 
    {
        "pk": 1069, 
        "model": "scenario.offshoreconservationparameterarea", 
        "fields": {
            "name": "mesobenthal_basin", 
            "area": 305492263.0
        }
    }, 
    {
        "pk": 1070, 
        "model": "scenario.offshoreconservationparameterarea", 
        "fields": {
            "name": "midshelf_slope", 
            "area": 238094733.0
        }
    }, 
    {
        "pk": 1071, 
        "model": "scenario.offshoreconservationparameterarea", 
        "fields": {
            "name": "midshelf_ridge", 
            "area": 853518423.0
        }
    }, 
    {
        "pk": 1072, 
        "model": "scenario.offshoreconservationparameterarea", 
        "fields": {
            "name": "midshelf_flat", 
            "area": 12000130097.0
        }
    }, 
    {
        "pk": 1073, 
        "model": "scenario.offshoreconservationparameterarea", 
        "fields": {
            "name": "midshelf_basin", 
            "area": 60333750.0
        }
    }, 
    {
        "pk": 1074, 
        "model": "scenario.offshoreconservationparameterarea", 
        "fields": {
            "name": "basin_gravel", 
            "area": 162013.0
        }
    }, 
    {
        "pk": 1075, 
        "model": "scenario.offshoreconservationparameterarea", 
        "fields": {
            "name": "basin_mud", 
            "area": 4608306068.0
        }
    }, 
    {
        "pk": 1076, 
        "model": "scenario.offshoreconservationparameterarea", 
        "fields": {
            "name": "basin_sand", 
            "area": 18696334.0
        }
    }, 
    {
        "pk": 1077, 
        "model": "scenario.offshoreconservationparameterarea", 
        "fields": {
            "name": "basin_island_rock", 
            "area": 32403.0
        }
    }, 
    {
        "pk": 1078, 
        "model": "scenario.offshoreconservationparameterarea", 
        "fields": {
            "name": "basin_rock", 
            "area": 3240266.0
        }
    }, 
    {
        "pk": 1079, 
        "model": "scenario.offshoreconservationparameterarea", 
        "fields": {
            "name": "basin_boulder", 
            "area": 36031756.0
        }
    }, 
    {
        "pk": 1080, 
        "model": "scenario.offshoreconservationparameterarea", 
        "fields": {
            "name": "flat_gravel", 
            "area": 80066969.0
        }
    }, 
    {
        "pk": 1081, 
        "model": "scenario.offshoreconservationparameterarea", 
        "fields": {
            "name": "flat_mud", 
            "area": 13880974803.0
        }
    }, 
    {
        "pk": 1082, 
        "model": "scenario.offshoreconservationparameterarea", 
        "fields": {
            "name": "flat_sand", 
            "area": 10809656430.0
        }
    }, 
    {
        "pk": 1083, 
        "model": "scenario.offshoreconservationparameterarea", 
        "fields": {
            "name": "flat_island_rock", 
            "area": 518443.0
        }
    }, 
    {
        "pk": 1084, 
        "model": "scenario.offshoreconservationparameterarea", 
        "fields": {
            "name": "flat_boulder", 
            "area": 104239352.0
        }
    }, 
    {
        "pk": 1085, 
        "model": "scenario.offshoreconservationparameterarea", 
        "fields": {
            "name": "flat_shell", 
            "area": 3175461.0
        }
    }, 
    {
        "pk": 1086, 
        "model": "scenario.offshoreconservationparameterarea", 
        "fields": {
            "name": "flat_rock", 
            "area": 307339214.0
        }
    }, 
    {
        "pk": 1087, 
        "model": "scenario.offshoreconservationparameterarea", 
        "fields": {
            "name": "ridge_island_rock", 
            "area": 615651.0
        }
    }, 
    {
        "pk": 1088, 
        "model": "scenario.offshoreconservationparameterarea", 
        "fields": {
            "name": "ridge_shell", 
            "area": 162013.0
        }
    }, 
    {
        "pk": 1089, 
        "model": "scenario.offshoreconservationparameterarea", 
        "fields": {
            "name": "ridge_boulder", 
            "area": 109196959.0
        }
    }, 
    {
        "pk": 1090, 
        "model": "scenario.offshoreconservationparameterarea", 
        "fields": {
            "name": "ridge_gravel", 
            "area": 518443.0
        }
    }, 
    {
        "pk": 1091, 
        "model": "scenario.offshoreconservationparameterarea", 
        "fields": {
            "name": "ridge_mud", 
            "area": 4348274735.0
        }
    }, 
    {
        "pk": 1092, 
        "model": "scenario.offshoreconservationparameterarea", 
        "fields": {
            "name": "ridge_sand", 
            "area": 416114938.0
        }
    }, 
    {
        "pk": 1093, 
        "model": "scenario.offshoreconservationparameterarea", 
        "fields": {
            "name": "ridge_rock", 
            "area": 118528924.0
        }
    }, 
    {
        "pk": 1094, 
        "model": "scenario.offshoreconservationparameterarea", 
        "fields": {
            "name": "slope_gravel", 
            "area": 7841443.0
        }
    }, 
    {
        "pk": 1095, 
        "model": "scenario.offshoreconservationparameterarea", 
        "fields": {
            "name": "slope_rock", 
            "area": 102424803.0
        }
    }, 
    {
        "pk": 1096, 
        "model": "scenario.offshoreconservationparameterarea", 
        "fields": {
            "name": "slope_mud", 
            "area": 5841324425.0
        }
    }, 
    {
        "pk": 1097, 
        "model": "scenario.offshoreconservationparameterarea", 
        "fields": {
            "name": "slope_sand", 
            "area": 342820125.0
        }
    }, 
    {
        "pk": 1098, 
        "model": "scenario.offshoreconservationparameterarea", 
        "fields": {
            "name": "slope_island_rock", 
            "area": 226819.0
        }
    }, 
    {
        "pk": 1099, 
        "model": "scenario.offshoreconservationparameterarea", 
        "fields": {
            "name": "slope_boulder", 
            "area": 127569266.0
        }
    }, 
    {
        "pk": 1100, 
        "model": "scenario.offshoreconservationparameterarea", 
        "fields": {
            "name": "slope_shell", 
            "area": 2106173.0
        }
    }, 
    {
        "pk": 1101, 
        "model": "scenario.offshoreconservationparameterarea", 
        "fields": {
            "name": "basin_bathybenthal", 
            "area": 4299087499.0
        }
    }, 
    {
        "pk": 1102, 
        "model": "scenario.offshoreconservationparameterarea", 
        "fields": {
            "name": "basin_innershelf", 
            "area": 1555328.0
        }
    }, 
    {
        "pk": 1103, 
        "model": "scenario.offshoreconservationparameterarea", 
        "fields": {
            "name": "basin_mesobenthal", 
            "area": 305492263.0
        }
    }, 
    {
        "pk": 1104, 
        "model": "scenario.offshoreconservationparameterarea", 
        "fields": {
            "name": "basin_midshelf", 
            "area": 60333750.0
        }
    }, 
    {
        "pk": 1105, 
        "model": "scenario.offshoreconservationparameterarea", 
        "fields": {
            "name": "flat_midshelf", 
            "area": 12000130097.0
        }
    }, 
    {
        "pk": 1106, 
        "model": "scenario.offshoreconservationparameterarea", 
        "fields": {
            "name": "flat_innershelf", 
            "area": 2974369619.0
        }
    }, 
    {
        "pk": 1107, 
        "model": "scenario.offshoreconservationparameterarea", 
        "fields": {
            "name": "flat_mesobenthal", 
            "area": 2030966222.0
        }
    }, 
    {
        "pk": 1108, 
        "model": "scenario.offshoreconservationparameterarea", 
        "fields": {
            "name": "flat_bathybenthal", 
            "area": 8180569538.0
        }
    }, 
    {
        "pk": 1109, 
        "model": "scenario.offshoreconservationparameterarea", 
        "fields": {
            "name": "ridge_innershelf", 
            "area": 73456826.0
        }
    }, 
    {
        "pk": 1110, 
        "model": "scenario.offshoreconservationparameterarea", 
        "fields": {
            "name": "ridge_mesobenthal", 
            "area": 886277511.0
        }
    }, 
    {
        "pk": 1111, 
        "model": "scenario.offshoreconservationparameterarea", 
        "fields": {
            "name": "ridge_bathybenthal", 
            "area": 3180191305.0
        }
    }, 
    {
        "pk": 1112, 
        "model": "scenario.offshoreconservationparameterarea", 
        "fields": {
            "name": "ridge_midshelf", 
            "area": 853518423.0
        }
    }, 
    {
        "pk": 1113, 
        "model": "scenario.offshoreconservationparameterarea", 
        "fields": {
            "name": "slope_midshelf", 
            "area": 238094733.0
        }
    }, 
    {
        "pk": 1114, 
        "model": "scenario.offshoreconservationparameterarea", 
        "fields": {
            "name": "slope_innershelf", 
            "area": 155532760.0
        }
    }, 
    {
        "pk": 1115, 
        "model": "scenario.offshoreconservationparameterarea", 
        "fields": {
            "name": "slope_mesobenthal", 
            "area": 1256542687.0
        }
    }, 
    {
        "pk": 1116, 
        "model": "scenario.offshoreconservationparameterarea", 
        "fields": {
            "name": "slope_bathybenthal", 
            "area": 4774142873.0
        }
    }, 
    {
        "pk": 1, 
        "model": "scenario.windenergyparameterarea", 
        "fields": {
            "name": "boulder", 
            "area": 377037332.0
        }
    }, 
    {
        "pk": 2, 
        "model": "scenario.windenergyparameterarea", 
        "fields": {
            "name": "shell", 
            "area": 5443647.0
        }
    }, 
    {
        "pk": 3, 
        "model": "scenario.windenergyparameterarea", 
        "fields": {
            "name": "mud", 
            "area": 28679009642.0
        }
    }, 
    {
        "pk": 4, 
        "model": "scenario.windenergyparameterarea", 
        "fields": {
            "name": "sand", 
            "area": 11587320230.0
        }
    }, 
    {
        "pk": 5, 
        "model": "scenario.windenergyparameterarea", 
        "fields": {
            "name": "rock", 
            "area": 531533207.0
        }
    }, 
    {
        "pk": 6, 
        "model": "scenario.windenergyparameterarea", 
        "fields": {
            "name": "gravel", 
            "area": 88588868.0
        }
    }, 
    {
        "pk": 7, 
        "model": "scenario.windenergyparameterarea", 
        "fields": {
            "name": "island_rock", 
            "area": 1393314.0
        }
    }, 
    {
        "pk": 8, 
        "model": "scenario.windenergyparameterarea", 
        "fields": {
            "name": "poor", 
            "area": 527774499.0
        }
    }, 
    {
        "pk": 9, 
        "model": "scenario.windenergyparameterarea", 
        "fields": {
            "name": "good", 
            "area": 2017583924.0
        }
    }, 
    {
        "pk": 10, 
        "model": "scenario.windenergyparameterarea", 
        "fields": {
            "name": "fair", 
            "area": 1380936493.0
        }
    }, 
    {
        "pk": 11, 
        "model": "scenario.windenergyparameterarea", 
        "fields": {
            "name": "outstanding", 
            "area": 68596428.0
        }
    }, 
    {
        "pk": 12, 
        "model": "scenario.windenergyparameterarea", 
        "fields": {
            "name": "marginal", 
            "area": 1622109479.0
        }
    }, 
    {
        "pk": 13, 
        "model": "scenario.windenergyparameterarea", 
        "fields": {
            "name": "excellent", 
            "area": 3542712246.0
        }
    }, 
    {
        "pk": 14, 
        "model": "scenario.windenergyparameterarea", 
        "fields": {
            "name": "boulder_fair", 
            "area": 32403.0
        }
    }, 
    {
        "pk": 15, 
        "model": "scenario.windenergyparameterarea", 
        "fields": {
            "name": "boulder_good", 
            "area": 3920722.0
        }
    }, 
    {
        "pk": 16, 
        "model": "scenario.windenergyparameterarea", 
        "fields": {
            "name": "boulder_excellent", 
            "area": 60139334.0
        }
    }, 
    {
        "pk": 17, 
        "model": "scenario.windenergyparameterarea", 
        "fields": {
            "name": "island_rock_fair", 
            "area": 97208.0
        }
    }, 
    {
        "pk": 18, 
        "model": "scenario.windenergyparameterarea", 
        "fields": {
            "name": "island_rock_excellent", 
            "area": 97208.0
        }
    }, 
    {
        "pk": 19, 
        "model": "scenario.windenergyparameterarea", 
        "fields": {
            "name": "island_rock_good", 
            "area": 1134093.0
        }
    }, 
    {
        "pk": 20, 
        "model": "scenario.windenergyparameterarea", 
        "fields": {
            "name": "mud_outstanding", 
            "area": 12701842.0
        }
    }, 
    {
        "pk": 21, 
        "model": "scenario.windenergyparameterarea", 
        "fields": {
            "name": "mud_marginal", 
            "area": 3791111.0
        }
    }, 
    {
        "pk": 22, 
        "model": "scenario.windenergyparameterarea", 
        "fields": {
            "name": "mud_excellent", 
            "area": 241270194.0
        }
    }, 
    {
        "pk": 23, 
        "model": "scenario.windenergyparameterarea", 
        "fields": {
            "name": "mud_poor", 
            "area": 32403.0
        }
    }, 
    {
        "pk": 24, 
        "model": "scenario.windenergyparameterarea", 
        "fields": {
            "name": "mud_good", 
            "area": 72614357.0
        }
    }, 
    {
        "pk": 25, 
        "model": "scenario.windenergyparameterarea", 
        "fields": {
            "name": "mud_fair", 
            "area": 5314036.0
        }
    }, 
    {
        "pk": 26, 
        "model": "scenario.windenergyparameterarea", 
        "fields": {
            "name": "rock_good", 
            "area": 92282771.0
        }
    }, 
    {
        "pk": 27, 
        "model": "scenario.windenergyparameterarea", 
        "fields": {
            "name": "rock_fair", 
            "area": 42155858.0
        }
    }, 
    {
        "pk": 28, 
        "model": "scenario.windenergyparameterarea", 
        "fields": {
            "name": "rock_excellent", 
            "area": 18631529.0
        }
    }, 
    {
        "pk": 29, 
        "model": "scenario.windenergyparameterarea", 
        "fields": {
            "name": "rock_marginal", 
            "area": 24658423.0
        }
    }, 
    {
        "pk": 30, 
        "model": "scenario.windenergyparameterarea", 
        "fields": {
            "name": "rock_poor", 
            "area": 63185184.0
        }
    }, 
    {
        "pk": 31, 
        "model": "scenario.windenergyparameterarea", 
        "fields": {
            "name": "sand_outstanding", 
            "area": 55894586.0
        }
    }, 
    {
        "pk": 32, 
        "model": "scenario.windenergyparameterarea", 
        "fields": {
            "name": "sand_fair", 
            "area": 400432052.0
        }
    }, 
    {
        "pk": 33, 
        "model": "scenario.windenergyparameterarea", 
        "fields": {
            "name": "sand_marginal", 
            "area": 757476944.0
        }
    }, 
    {
        "pk": 34, 
        "model": "scenario.windenergyparameterarea", 
        "fields": {
            "name": "sand_excellent", 
            "area": 3150769691.0
        }
    }, 
    {
        "pk": 35, 
        "model": "scenario.windenergyparameterarea", 
        "fields": {
            "name": "sand_poor", 
            "area": 105924290.0
        }
    }, 
    {
        "pk": 36, 
        "model": "scenario.windenergyparameterarea", 
        "fields": {
            "name": "sand_good", 
            "area": 1406988230.0
        }
    }, 
    {
        "pk": 37, 
        "model": "scenario.windenergyparameterarea", 
        "fields": {
            "name": "shell_good", 
            "area": 518443.0
        }
    }, 
    {
        "pk": 38, 
        "model": "scenario.windenergyparameterarea", 
        "fields": {
            "name": "shell_marginal", 
            "area": 1944159.0
        }
    }, 
    {
        "pk": 39, 
        "model": "scenario.windenergyparameterarea", 
        "fields": {
            "name": "shell_poor", 
            "area": 1555328.0
        }
    }, 
    {
        "pk": 40, 
        "model": "scenario.windenergyparameterarea", 
        "fields": {
            "name": "shell_fair", 
            "area": 842469.0
        }
    }, 
    {
        "pk": 41, 
        "model": "scenario.windenergyparameterarea", 
        "fields": {
            "name": "shell_excellent", 
            "area": 259221.0
        }
    }, 
    {
        "pk": 42, 
        "model": "scenario.windenergyparameterarea", 
        "fields": {
            "name": "gravel_fair", 
            "area": 3791111.0
        }
    }, 
    {
        "pk": 43, 
        "model": "scenario.windenergyparameterarea", 
        "fields": {
            "name": "gravel_good", 
            "area": 28741158.0
        }
    }, 
    {
        "pk": 44, 
        "model": "scenario.windenergyparameterarea", 
        "fields": {
            "name": "gravel_excellent", 
            "area": 39790464.0
        }
    }, 
    {
        "pk": 45, 
        "model": "scenario.windenergyparameterarea", 
        "fields": {
            "name": "gravel_marginal", 
            "area": 9850408.0
        }
    }, 
    {
        "pk": 46, 
        "model": "scenario.windenergyparameterarea", 
        "fields": {
            "name": "gravel_poor", 
            "area": 1004482.0
        }
    }, 
    {
        "pk": 47, 
        "model": "scenario.windenergyparameterarea", 
        "fields": {
            "name": "poor_gravel", 
            "area": 1004482.0
        }
    }, 
    {
        "pk": 48, 
        "model": "scenario.windenergyparameterarea", 
        "fields": {
            "name": "poor_rock", 
            "area": 63185184.0
        }
    }, 
    {
        "pk": 49, 
        "model": "scenario.windenergyparameterarea", 
        "fields": {
            "name": "poor_sand", 
            "area": 105924290.0
        }
    }, 
    {
        "pk": 50, 
        "model": "scenario.windenergyparameterarea", 
        "fields": {
            "name": "poor_shell", 
            "area": 1555328.0
        }
    }, 
    {
        "pk": 51, 
        "model": "scenario.windenergyparameterarea", 
        "fields": {
            "name": "poor_mud", 
            "area": 32403.0
        }
    }, 
    {
        "pk": 52, 
        "model": "scenario.windenergyparameterarea", 
        "fields": {
            "name": "marginal_mud", 
            "area": 3791111.0
        }
    }, 
    {
        "pk": 53, 
        "model": "scenario.windenergyparameterarea", 
        "fields": {
            "name": "marginal_shell", 
            "area": 1944159.0
        }
    }, 
    {
        "pk": 54, 
        "model": "scenario.windenergyparameterarea", 
        "fields": {
            "name": "marginal_rock", 
            "area": 24658423.0
        }
    }, 
    {
        "pk": 55, 
        "model": "scenario.windenergyparameterarea", 
        "fields": {
            "name": "marginal_gravel", 
            "area": 9850408.0
        }
    }, 
    {
        "pk": 56, 
        "model": "scenario.windenergyparameterarea", 
        "fields": {
            "name": "marginal_sand", 
            "area": 757476944.0
        }
    }, 
    {
        "pk": 57, 
        "model": "scenario.windenergyparameterarea", 
        "fields": {
            "name": "fair_boulder", 
            "area": 32403.0
        }
    }, 
    {
        "pk": 58, 
        "model": "scenario.windenergyparameterarea", 
        "fields": {
            "name": "fair_sand", 
            "area": 400432052.0
        }
    }, 
    {
        "pk": 59, 
        "model": "scenario.windenergyparameterarea", 
        "fields": {
            "name": "fair_shell", 
            "area": 842469.0
        }
    }, 
    {
        "pk": 60, 
        "model": "scenario.windenergyparameterarea", 
        "fields": {
            "name": "fair_island_rock", 
            "area": 97208.0
        }
    }, 
    {
        "pk": 61, 
        "model": "scenario.windenergyparameterarea", 
        "fields": {
            "name": "fair_mud", 
            "area": 5314036.0
        }
    }, 
    {
        "pk": 62, 
        "model": "scenario.windenergyparameterarea", 
        "fields": {
            "name": "fair_rock", 
            "area": 42155858.0
        }
    }, 
    {
        "pk": 63, 
        "model": "scenario.windenergyparameterarea", 
        "fields": {
            "name": "fair_gravel", 
            "area": 3791111.0
        }
    }, 
    {
        "pk": 64, 
        "model": "scenario.windenergyparameterarea", 
        "fields": {
            "name": "good_rock", 
            "area": 92282771.0
        }
    }, 
    {
        "pk": 65, 
        "model": "scenario.windenergyparameterarea", 
        "fields": {
            "name": "good_boulder", 
            "area": 3920722.0
        }
    }, 
    {
        "pk": 66, 
        "model": "scenario.windenergyparameterarea", 
        "fields": {
            "name": "good_mud", 
            "area": 72614357.0
        }
    }, 
    {
        "pk": 67, 
        "model": "scenario.windenergyparameterarea", 
        "fields": {
            "name": "good_island_rock", 
            "area": 1134093.0
        }
    }, 
    {
        "pk": 68, 
        "model": "scenario.windenergyparameterarea", 
        "fields": {
            "name": "good_gravel", 
            "area": 28741158.0
        }
    }, 
    {
        "pk": 69, 
        "model": "scenario.windenergyparameterarea", 
        "fields": {
            "name": "good_sand", 
            "area": 1406988230.0
        }
    }, 
    {
        "pk": 70, 
        "model": "scenario.windenergyparameterarea", 
        "fields": {
            "name": "good_shell", 
            "area": 518443.0
        }
    }, 
    {
        "pk": 71, 
        "model": "scenario.windenergyparameterarea", 
        "fields": {
            "name": "excellent_gravel", 
            "area": 39790464.0
        }
    }, 
    {
        "pk": 72, 
        "model": "scenario.windenergyparameterarea", 
        "fields": {
            "name": "excellent_rock", 
            "area": 18631529.0
        }
    }, 
    {
        "pk": 73, 
        "model": "scenario.windenergyparameterarea", 
        "fields": {
            "name": "excellent_island_rock", 
            "area": 97208.0
        }
    }, 
    {
        "pk": 74, 
        "model": "scenario.windenergyparameterarea", 
        "fields": {
            "name": "excellent_mud", 
            "area": 241270194.0
        }
    }, 
    {
        "pk": 75, 
        "model": "scenario.windenergyparameterarea", 
        "fields": {
            "name": "excellent_sand", 
            "area": 3150769691.0
        }
    }, 
    {
        "pk": 76, 
        "model": "scenario.windenergyparameterarea", 
        "fields": {
            "name": "excellent_boulder", 
            "area": 60139334.0
        }
    }, 
    {
        "pk": 77, 
        "model": "scenario.windenergyparameterarea", 
        "fields": {
            "name": "excellent_shell", 
            "area": 259221.0
        }
    }, 
    {
        "pk": 78, 
        "model": "scenario.windenergyparameterarea", 
        "fields": {
            "name": "outstanding_mud", 
            "area": 12701842.0
        }
    }, 
    {
        "pk": 79, 
        "model": "scenario.windenergyparameterarea", 
        "fields": {
            "name": "outstanding_sand", 
            "area": 55894586.0
        }
    }
]